,name,auc,sens,spec,f1
0,xgb,0.6969465913423214,0.99553,0.00775,0.9107
1,Baseline,0.5,1.0,0.0,0.90926
