,name,auc,sens,spec,f1
0,log_reg_cv_fe5,0.7132707170831455,0.63338,0.66667,0.74627
1,Baseline,0.5,1.0,0.0,0.90926
