,name,auc,sens,spec,f1
0,log_reg_cv_fe8_2,0.8205128205128205,0.61538,1.0,0.7619
1,log_reg_cv_fe8,0.707727921981973,0.63887,0.65759,0.74967
2,log_reg_cv_fe7,0.7046249322760183,0.64185,0.6537,0.75153
3,log_reg_cv_fe6,0.6999342316841035,0.63738,0.66926,0.74956
4,log_reg_cv_fe9,0.6830198956398794,0.55324,0.68482,0.68574
