,name,auc,sens,spec,f1
0,log_reg_cv,0.7948717948717948,0.69231,0.66667,0.78261
