,name,auc,sens,spec,f1
0,log_reg_cv,0.704987092605845,0.62249,0.65759,0.73754
1,log_reg_cv_fe2,0.7047379262989243,0.62621,0.6537,0.73999
2,log_reg_cv_fe4,0.7034863001990432,0.62919,0.64591,0.74155
3,log_reg_cv_fe3,0.7034515328073799,0.62547,0.66537,0.74041
4,log_reg_cv_fe1,0.7019101784436377,0.6344,0.66148,0.74671
