,name,auc,sens,spec,f1
0,log_reg_cv,0.704987092605845,0.62249,0.65759,0.73754
